{
    "06/2025": {
        "Profit/Loss": 1215.5299999999997
    },
    "09/2025": {
        "Profit/Loss": -3395.0299999999997
    },
    "08/2025": {
        "Profit/Loss": 262.43999999999994
    },
    "10/2025": {
        "Profit/Loss": 1165.9599999999994
    },
    "12/2025": {
        "Losses": -6519.1,
        "Gains": 8343.529999999999,
        "Profit/Loss": 1824.4299999999985,
        "Categories": null
    },
    "01/2025": {
        "Losses": -247.98999999999995,
        "Gains": 0.0,
        "Profit/Loss": -247.98999999999995,
        "Categories": {
            "food_drink": -247.98999999999995
        }
    }
}