{
    "06/2025": {
        "Profit/Loss": 1215.5299999999997
    },
    "09/2025": {
        "Profit/Loss": -3395.0299999999997
    },
    "08/2025": {
        "Profit/Loss": 262.43999999999994
    },
    "10/2025": {
        "Profit/Loss": 1165.9599999999994
    },
    "12/2025": {
        "Losses": -2428.4099999999994,
        "Gains": 2440.0,
        "Profit/Loss": 11.5900000000006,
        "Categories": null
    }
}